Benua,Luas,Populasi
Afrika,1030.9616869699862,115.25840533340725
Amerika,4214.899405679808,101.8937354960222
Asia,6906.996394960693,661.8007252942535
Eropa,80.61017305526642,11.313708498984761
